--
-- PostgreSQL database dump
--

\restrict bXOEm8I7H5eY2VW9Ey12RG045dki99HtrSxO63ERcoSUY1128ZLv7BxT68uxxzB

-- Dumped from database version 16.10
-- Dumped by pg_dump version 16.10

SET statement_timeout = 0;
SET lock_timeout = 0;
SET idle_in_transaction_session_timeout = 0;
SET client_encoding = 'UTF8';
SET standard_conforming_strings = on;
SELECT pg_catalog.set_config('search_path', '', false);
SET check_function_bodies = false;
SET xmloption = content;
SET client_min_messages = warning;
SET row_security = off;

SET default_tablespace = '';

SET default_table_access_method = heap;

--
-- Name: admins; Type: TABLE; Schema: public; Owner: postgres
--

CREATE TABLE public.admins (
    id integer NOT NULL,
    email character varying(255) NOT NULL,
    password_hash text NOT NULL,
    name text NOT NULL,
    created_at timestamp without time zone DEFAULT now() NOT NULL,
    is_email_verified boolean DEFAULT false NOT NULL
);


ALTER TABLE public.admins OWNER TO postgres;

--
-- Name: admins_id_seq; Type: SEQUENCE; Schema: public; Owner: postgres
--

CREATE SEQUENCE public.admins_id_seq
    AS integer
    START WITH 1
    INCREMENT BY 1
    NO MINVALUE
    NO MAXVALUE
    CACHE 1;


ALTER SEQUENCE public.admins_id_seq OWNER TO postgres;

--
-- Name: admins_id_seq; Type: SEQUENCE OWNED BY; Schema: public; Owner: postgres
--

ALTER SEQUENCE public.admins_id_seq OWNED BY public.admins.id;


--
-- Name: player_snapshots; Type: TABLE; Schema: public; Owner: postgres
--

CREATE TABLE public.player_snapshots (
    id integer NOT NULL,
    player_id integer NOT NULL,
    server_date text NOT NULL,
    health real NOT NULL,
    blood real NOT NULL,
    shock real NOT NULL,
    water real NOT NULL,
    energy real NOT NULL,
    heat_comfort real NOT NULL,
    stamina real NOT NULL,
    wetness real NOT NULL,
    environment_temp real NOT NULL,
    playtime real NOT NULL,
    distance_walked real NOT NULL,
    killed_zombies integer NOT NULL,
    position_x real NOT NULL,
    position_y real NOT NULL,
    position_z real NOT NULL,
    diseases jsonb DEFAULT '[]'::jsonb NOT NULL,
    created_at timestamp without time zone DEFAULT now() NOT NULL
);


ALTER TABLE public.player_snapshots OWNER TO postgres;

--
-- Name: player_snapshots_id_seq; Type: SEQUENCE; Schema: public; Owner: postgres
--

CREATE SEQUENCE public.player_snapshots_id_seq
    AS integer
    START WITH 1
    INCREMENT BY 1
    NO MINVALUE
    NO MAXVALUE
    CACHE 1;


ALTER SEQUENCE public.player_snapshots_id_seq OWNER TO postgres;

--
-- Name: player_snapshots_id_seq; Type: SEQUENCE OWNED BY; Schema: public; Owner: postgres
--

ALTER SEQUENCE public.player_snapshots_id_seq OWNED BY public.player_snapshots.id;


--
-- Name: players; Type: TABLE; Schema: public; Owner: postgres
--

CREATE TABLE public.players (
    id integer NOT NULL,
    steam_id character varying(64) NOT NULL,
    name text NOT NULL,
    last_seen timestamp without time zone DEFAULT now() NOT NULL,
    server_id integer NOT NULL
);


ALTER TABLE public.players OWNER TO postgres;

--
-- Name: players_id_seq; Type: SEQUENCE; Schema: public; Owner: postgres
--

CREATE SEQUENCE public.players_id_seq
    AS integer
    START WITH 1
    INCREMENT BY 1
    NO MINVALUE
    NO MAXVALUE
    CACHE 1;


ALTER SEQUENCE public.players_id_seq OWNER TO postgres;

--
-- Name: players_id_seq; Type: SEQUENCE OWNED BY; Schema: public; Owner: postgres
--

ALTER SEQUENCE public.players_id_seq OWNED BY public.players.id;


--
-- Name: server_admins; Type: TABLE; Schema: public; Owner: postgres
--

CREATE TABLE public.server_admins (
    id integer NOT NULL,
    server_id integer NOT NULL,
    admin_id integer NOT NULL,
    role character varying(32) DEFAULT 'member'::character varying NOT NULL,
    created_at timestamp without time zone DEFAULT now() NOT NULL
);


ALTER TABLE public.server_admins OWNER TO postgres;

--
-- Name: server_admins_id_seq; Type: SEQUENCE; Schema: public; Owner: postgres
--

CREATE SEQUENCE public.server_admins_id_seq
    AS integer
    START WITH 1
    INCREMENT BY 1
    NO MINVALUE
    NO MAXVALUE
    CACHE 1;


ALTER SEQUENCE public.server_admins_id_seq OWNER TO postgres;

--
-- Name: server_admins_id_seq; Type: SEQUENCE OWNED BY; Schema: public; Owner: postgres
--

ALTER SEQUENCE public.server_admins_id_seq OWNED BY public.server_admins.id;


--
-- Name: servers; Type: TABLE; Schema: public; Owner: postgres
--

CREATE TABLE public.servers (
    id integer NOT NULL,
    admin_id integer NOT NULL,
    name text NOT NULL,
    webhook_id character varying(64) NOT NULL,
    is_active boolean DEFAULT true NOT NULL,
    created_at timestamp without time zone DEFAULT now() NOT NULL
);


ALTER TABLE public.servers OWNER TO postgres;

--
-- Name: servers_id_seq; Type: SEQUENCE; Schema: public; Owner: postgres
--

CREATE SEQUENCE public.servers_id_seq
    AS integer
    START WITH 1
    INCREMENT BY 1
    NO MINVALUE
    NO MAXVALUE
    CACHE 1;


ALTER SEQUENCE public.servers_id_seq OWNER TO postgres;

--
-- Name: servers_id_seq; Type: SEQUENCE OWNED BY; Schema: public; Owner: postgres
--

ALTER SEQUENCE public.servers_id_seq OWNED BY public.servers.id;


--
-- Name: verification_tokens; Type: TABLE; Schema: public; Owner: postgres
--

CREATE TABLE public.verification_tokens (
    id integer NOT NULL,
    admin_id integer NOT NULL,
    code character varying(6) NOT NULL,
    type character varying(32) NOT NULL,
    new_email character varying(255),
    new_password_hash text,
    expires_at timestamp without time zone NOT NULL,
    created_at timestamp without time zone DEFAULT now() NOT NULL
);


ALTER TABLE public.verification_tokens OWNER TO postgres;

--
-- Name: verification_tokens_id_seq; Type: SEQUENCE; Schema: public; Owner: postgres
--

CREATE SEQUENCE public.verification_tokens_id_seq
    AS integer
    START WITH 1
    INCREMENT BY 1
    NO MINVALUE
    NO MAXVALUE
    CACHE 1;


ALTER SEQUENCE public.verification_tokens_id_seq OWNER TO postgres;

--
-- Name: verification_tokens_id_seq; Type: SEQUENCE OWNED BY; Schema: public; Owner: postgres
--

ALTER SEQUENCE public.verification_tokens_id_seq OWNED BY public.verification_tokens.id;


--
-- Name: admins id; Type: DEFAULT; Schema: public; Owner: postgres
--

ALTER TABLE ONLY public.admins ALTER COLUMN id SET DEFAULT nextval('public.admins_id_seq'::regclass);


--
-- Name: player_snapshots id; Type: DEFAULT; Schema: public; Owner: postgres
--

ALTER TABLE ONLY public.player_snapshots ALTER COLUMN id SET DEFAULT nextval('public.player_snapshots_id_seq'::regclass);


--
-- Name: players id; Type: DEFAULT; Schema: public; Owner: postgres
--

ALTER TABLE ONLY public.players ALTER COLUMN id SET DEFAULT nextval('public.players_id_seq'::regclass);


--
-- Name: server_admins id; Type: DEFAULT; Schema: public; Owner: postgres
--

ALTER TABLE ONLY public.server_admins ALTER COLUMN id SET DEFAULT nextval('public.server_admins_id_seq'::regclass);


--
-- Name: servers id; Type: DEFAULT; Schema: public; Owner: postgres
--

ALTER TABLE ONLY public.servers ALTER COLUMN id SET DEFAULT nextval('public.servers_id_seq'::regclass);


--
-- Name: verification_tokens id; Type: DEFAULT; Schema: public; Owner: postgres
--

ALTER TABLE ONLY public.verification_tokens ALTER COLUMN id SET DEFAULT nextval('public.verification_tokens_id_seq'::regclass);


--
-- Data for Name: admins; Type: TABLE DATA; Schema: public; Owner: postgres
--

COPY public.admins (id, email, password_hash, name, created_at, is_email_verified) FROM stdin;
1	test_LEPpa1@example.com	$2b$10$H2BToEIPi2dYcnrA8PYi9uwfewHd.hH5shY2KTZX0V37ximSW8yJ.	Test Admin	2025-12-12 17:47:45.891857	f
2	debug@test.com	$2b$10$lzpC71jx3WLb80ChI.HfSOJXB8n9YONRfk.PAnF75OTQ4bXZR3JsG	Debug User	2025-12-12 18:07:16.912978	f
3	test123@example.com	$2b$10$ZetoZsVSz0RPYyuTSTLGoeuIUnUohhGoxLAfA3cZ0.Jm9X5FCT4Mi	Test User	2025-12-12 18:51:42.6634	f
4	newtest@example.com	$2b$10$alAfyVHNPLRaFr9zSNEJAup2ZA0itKsFFT4a/N75xAwgkScWGVjXe	New User	2025-12-12 18:53:03.045447	f
\.


--
-- Data for Name: player_snapshots; Type: TABLE DATA; Schema: public; Owner: postgres
--

COPY public.player_snapshots (id, player_id, server_date, health, blood, shock, water, energy, heat_comfort, stamina, wetness, environment_temp, playtime, distance_walked, killed_zombies, position_x, position_y, position_z, diseases, created_at) FROM stdin;
4	3	2025-12-12 14:00:00	100	5000	0	101.54896	104.33561	0.9408691	76.831085	0	21.339172	0	28.18453	0	3579.2732	51.720234	8246.314	[]	2025-12-12 16:19:56.408933
5	3	2025-12-12 14:01:00	100	5000	0	106.04234	104.214386	0.9457102	97.2564	0	19.189648	1	100.6782	0	3569.1199	56.886627	8212.34	[]	2025-12-12 16:20:56.408933
6	3	2025-12-12 14:02:00	100	5000	0	103.140526	104.821144	0.8602224	99.1098	0	22.488043	2	186.222	0	3540.0876	63.414047	8206.621	[]	2025-12-12 16:21:56.408933
7	3	2025-12-12 14:03:00	100	5000	0	100.3767	106.16668	0.8898763	99.553185	0	23.127886	3	277.60245	0	3567.048	58.20619	8257.449	[]	2025-12-12 16:22:56.408933
8	3	2025-12-12 14:04:00	100	5000	9.956676	105.800606	106.85398	0.87506706	98.61357	0	23.727955	4	362.83246	0	3571.0383	53.525307	8236.846	[]	2025-12-12 16:23:56.408933
9	3	2025-12-12 14:05:00	100	5000	3.911382	102.72433	100.36007	0.8707069	97.40267	0	22.332823	5	448.75723	0	3621.9958	53.930286	8232.579	[]	2025-12-12 16:24:56.408933
10	3	2025-12-12 14:06:00	100	5000	0	104.62792	99.295654	0.9382476	93.885666	0	18.69858	6	539.11993	0	3613.0713	50.55887	8261.76	[]	2025-12-12 16:25:56.408933
11	3	2025-12-12 14:07:00	100	5000	0	103.72493	106.584236	0.894111	91.396774	0	18.385412	7	618.31934	0	3550.0015	69.561646	8233.079	[]	2025-12-12 16:26:56.408933
12	3	2025-12-12 14:08:00	100	5000	0	103.71182	103.46282	0.8398358	94.320946	0	20.129185	8	697.4907	0	3576.8223	69.0765	8268.1455	[]	2025-12-12 16:27:56.408933
13	3	2025-12-12 14:09:00	100	5000	0	102.22931	102.13124	0.88965654	93.9186	0	19.725933	9	769.8489	0	3587.7153	68.90461	8232.927	[]	2025-12-12 16:28:56.408933
14	3	2025-12-12 14:10:00	100	5000	0	104.33678	99.36852	0.8277427	94.85633	0	21.354296	10	874.60474	0	3554.5776	55.320103	8236.003	[]	2025-12-12 16:29:56.408933
15	3	2025-12-12 14:11:00	100	5000	0	107.26732	102.09397	0.9013001	98.34657	0	20.097534	11	943.82385	0	3556.7598	50.771843	8265.427	[]	2025-12-12 16:30:56.408933
16	3	2025-12-12 14:12:00	100	5000	4.654705	105.196556	101.13549	0.82724994	91.29796	0	21.563265	12	1037.9796	0	3615.103	63.43281	8270.263	[]	2025-12-12 16:31:56.408933
17	3	2025-12-12 14:13:00	100	5000	0	103.28038	99.83868	0.9213613	97.02175	0	23.420164	13	1114.8099	0	3590.6948	52.76889	8257.98	[]	2025-12-12 16:32:56.408933
18	3	2025-12-12 14:14:00	100	5000	0	100.43529	102.97944	0.94828993	91.32037	0	18.487371	14	1212.4917	0	3655.9119	66.9031	8257.195	[]	2025-12-12 16:33:56.408933
19	3	2025-12-12 14:15:00	100	5000	0	100.37585	100.28596	0.8387413	74.74909	0	22.818346	15	1279.7402	0	3577.3123	55.175686	8293.859	[]	2025-12-12 16:34:56.408933
20	3	2025-12-12 14:16:00	100	5000	0	105.51607	104.10068	0.91754085	99.97095	0	23.262264	16	1381.4768	0	3648.6238	50.52762	8288.553	[]	2025-12-12 16:35:56.408933
21	3	2025-12-12 14:17:00	100	5000	0	106.798225	101.55928	0.8708244	98.877045	0	20.070765	17	1474.16	0	3623.2441	51.140766	8254.008	[]	2025-12-12 16:36:56.408933
22	3	2025-12-12 14:18:00	100	5000	0	102.91606	101.294136	0.9109326	92.25593	0	23.013067	18	1535.71	0	3625.6514	67.82455	8302.663	[]	2025-12-12 16:37:56.408933
23	3	2025-12-12 14:19:00	100	5000	0	103.462135	99.33824	0.87774587	92.075386	0	23.04921	19	1629.2262	0	3664.7688	57.455902	8276.99	[]	2025-12-12 16:38:56.408933
24	3	2025-12-12 14:20:00	100	5000	0	98.78442	100.19014	0.92086345	96.51333	0	19.652452	20	1716.9164	1	3617.1882	61.11202	8307.991	[]	2025-12-12 16:39:56.408933
25	3	2025-12-12 14:21:00	100	5000	0	105.34635	101.01014	0.85470134	91.124054	0	20.85995	21	1785.6221	1	3633.7546	58.148586	8294.238	[]	2025-12-12 16:40:56.408933
26	3	2025-12-12 14:22:00	100	5000	0	102.99226	99.114914	0.89208704	98.79686	0	19.887081	22	1894.6647	1	3665.2534	62.550076	8280.935	[]	2025-12-12 16:41:56.408933
27	3	2025-12-12 14:23:00	100	5000	0	99.619225	104.2636	0.9481408	97.33465	0	20.925676	23	1981.3186	1	3711.4565	55.31473	8276.381	[]	2025-12-12 16:42:56.408933
28	3	2025-12-12 14:24:00	100	5000	0	99.6728	98.79411	0.80808496	99.53565	0	22.730352	24	2054.8499	1	3683.05	69.06606	8306.331	[]	2025-12-12 16:43:56.408933
29	3	2025-12-12 14:25:00	100	5000	0	106.0302	97.08487	0.85106534	96.39414	0	23.729801	25	2139.4321	1	3625.873	51.631935	8285.991	[]	2025-12-12 16:44:56.408933
30	3	2025-12-12 14:26:00	100	5000	0	96.41594	101.61459	0.9343912	99.96466	0	21.634768	26	2239.812	1	3681.1956	57.59699	8324.757	[]	2025-12-12 16:45:56.408933
31	3	2025-12-12 14:27:00	100	5000	0	96.25095	103.81519	0.85958177	91.552124	0	22.577534	27	2313.22	1	3691.9368	57.465508	8318.601	[]	2025-12-12 16:46:56.408933
32	3	2025-12-12 14:28:00	100	5000	0	97.51395	102.35978	0.88714284	92.63947	0	21.275194	28	2388.7764	1	3680.078	65.759674	8303.3955	[]	2025-12-12 16:47:56.408933
33	3	2025-12-12 14:29:00	100	5000	0	98.56275	101.35588	0.86226237	98.94889	0	22.721907	29	2490.7637	1	3670.3882	63.11414	8322.198	[]	2025-12-12 16:48:56.408933
34	3	2025-12-12 14:30:00	100	5000	0	101.78524	101.82512	0.8159103	72.18572	0	18.539171	30	2574.595	1	3672.455	69.96404	8297.489	[]	2025-12-12 16:49:56.408933
35	3	2025-12-12 14:31:00	100	5000	0	104.42411	98.424644	0.9413191	96.92051	0	23.890947	31	2649.235	1	3740.734	62.197044	8340.216	[]	2025-12-12 16:50:56.408933
36	3	2025-12-12 14:32:00	100	5000	0	98.25794	100.03995	0.80258065	91.30101	0	18.836794	32	2725.7417	1	3689.4873	68.30194	8342.384	[]	2025-12-12 16:51:56.408933
37	3	2025-12-12 14:33:00	100	5000	0	95.06283	98.36879	0.8497035	95.014465	0	21.504559	33	2814.6018	1	3708.4968	55.152504	8303.508	[]	2025-12-12 16:52:56.408933
38	3	2025-12-12 14:34:00	100	5000	0	96.06849	98.30725	0.94532907	91.59253	0	21.20095	34	2909.0352	1	3718.669	54.113163	8312.843	[]	2025-12-12 16:53:56.408933
39	3	2025-12-12 14:35:00	60	5000	0	98.862816	96.06153	0.8377696	96.45412	0	22.405104	35	2999.2188	1	3740.346	68.6427	8308.349	[]	2025-12-12 16:54:56.408933
40	3	2025-12-12 14:36:00	64	5000	0	96.74015	98.71814	0.9231243	98.88294	0	18.330887	36	3071.1892	1	3693.8037	67.54895	8324.206	[]	2025-12-12 16:55:56.408933
41	3	2025-12-12 14:37:00	68	5000	0	94.72794	98.161064	0.9146249	93.55548	0	18.157888	37	3164.6936	1	3728.484	57.950226	8326.6455	[]	2025-12-12 16:56:56.408933
42	3	2025-12-12 14:38:00	72	5000	0	95.09473	100.16529	0.8909675	90.64489	0	21.164417	38	3230.2122	1	3779.895	55.573147	8340.998	[]	2025-12-12 16:57:56.408933
43	3	2025-12-12 14:39:00	76	5000	0	102.57736	103.026566	0.92096716	97.6902	0	18.878239	39	3319.8801	1	3764.8281	63.512413	8355.476	[]	2025-12-12 16:58:56.408933
44	3	2025-12-12 14:40:00	80	4851.049	0	101.82439	102.24469	0.9438825	95.51641	0	20.251131	40	3413.1292	2	3709.425	57.365723	8324.111	[]	2025-12-12 16:59:56.408933
45	3	2025-12-12 14:41:00	84	4927.2275	6.2243204	95.99947	99.08022	0.8218936	94.738914	0	20.223497	41	3499.828	2	3710.3525	62.58683	8336.945	[]	2025-12-12 17:00:56.408933
46	3	2025-12-12 14:42:00	88	4966.7896	0	94.5634	96.27167	0.8095527	91.59861	0	23.405613	42	3593.9734	2	3725.8545	64.4707	8336.264	[]	2025-12-12 17:01:56.408933
47	3	2025-12-12 14:43:00	92	4920.764	0	94.39448	102.25548	0.9409837	94.72097	0	23.499239	43	3655.2896	2	3813.8574	61.494637	8375.499	[]	2025-12-12 17:02:56.408933
48	3	2025-12-12 14:44:00	96	4866.0923	0	99.03114	97.06881	0.93058974	93.97793	0	21.818373	44	3766.253	2	3812.6719	65.83361	8355.928	[]	2025-12-12 17:03:56.408933
49	3	2025-12-12 14:45:00	64	4953.0586	0	93.3941	98.837166	0.87974685	77.572784	0	22.05566	45	3846.9272	2	3784.7988	54.571613	8384.925	[]	2025-12-12 17:04:56.408933
50	3	2025-12-12 14:46:00	67.6	4919.179	5.6803026	98.03314	99.062904	0.9494081	96.19197	0	21.682127	46	3929.7803	2	3805.7913	59.013645	8352.853	[]	2025-12-12 17:05:56.408933
51	3	2025-12-12 14:47:00	71.2	4816.492	0	95.02539	100.04848	0.8322337	97.25083	0	21.864227	47	4021.9226	2	3831.183	69.87134	8388.216	[]	2025-12-12 17:06:56.408933
52	3	2025-12-12 14:48:00	74.8	4950.9453	5.4574265	96.650314	95.28501	0.8079558	98.85877	0	22.811012	48	4081.3972	2	3763.9707	58.87249	8348.208	[]	2025-12-12 17:07:56.408933
53	3	2025-12-12 14:49:00	78.4	4901.0063	0	93.5168	96.83662	0.942903	92.30042	0	22.064346	49	4178.2153	2	3834.167	60.837856	8353.336	[]	2025-12-12 17:08:56.408933
54	3	2025-12-12 14:50:00	82	4892.7383	0	95.47724	97.064804	0.87556523	91.55227	0	22.811586	50	4263.4478	2	3802.057	51.758892	8387.684	[]	2025-12-12 17:09:56.408933
55	3	2025-12-12 14:51:00	85.6	4876.5767	0	99.43504	101.20792	0.8292902	97.69415	0	20.073624	51	4360.155	2	3836.8494	55.765602	8381.453	[]	2025-12-12 17:10:56.408933
56	3	2025-12-12 14:52:00	89.2	4925.114	2.7133038	101.810326	100.781654	0.8047274	90.67468	0	22.204155	52	4438.7026	2	3820.1387	55.19098	8368.592	[]	2025-12-12 17:11:56.408933
57	3	2025-12-12 14:53:00	92.8	4975.9263	6.1979804	92.190414	94.175125	0.90038866	97.48794	0	19.50025	53	4511.2046	2	3811.6414	59.714893	8360.368	[]	2025-12-12 17:12:56.408933
58	3	2025-12-12 14:54:00	96.4	4937.655	0	93.21442	99.98517	0.94899094	92.53401	0	21.69384	54	4612.266	2	3819.6677	58.533855	8386.365	[]	2025-12-12 17:13:56.408933
59	3	2025-12-12 14:55:00	100	4855.6133	4.3301263	93.38582	94.90773	0.810129	92.42383	0	20.567654	55	4681.0938	2	3825.3352	52.83687	8375.386	[]	2025-12-12 17:14:56.408933
60	3	2025-12-12 14:56:00	100	4935.7095	0	92.545	99.822815	0.8395546	91.9921	0	22.45527	56	4765.0913	2	3859.01	65.73811	8399.13	[]	2025-12-12 17:15:56.408933
61	3	2025-12-12 14:57:00	100	4832.4766	0	93.41597	97.793564	0.9148712	98.8395	0	19.373724	57	4858.253	2	3812.177	68.37402	8416.24	[]	2025-12-12 17:16:56.408933
62	3	2025-12-12 14:58:00	100	4965.861	0	98.730865	96.55146	0.8594887	96.52207	0	22.103374	58	4959.128	2	3848.3772	61.11981	8403.499	[]	2025-12-12 17:17:56.408933
63	3	2025-12-12 14:59:00	100	4876.04	0	91.74385	94.53985	0.8198172	90.680626	0	21.202522	59	5022.5415	2	3881.391	57.667583	8417.553	[]	2025-12-12 17:18:56.408933
64	3	2025-12-12 15:00:00	100	4826.333	0	100.72829	93.57647	0.9149262	79.08006	0	22.312592	60	5104.295	3	3888.6006	50.5872	8422.332	[]	2025-12-12 17:19:56.408933
65	3	2025-12-12 15:01:00	100	5000	0	91.68231	99.6239	0.9443362	92.034935	0	21.124474	61	5189.4785	3	3829.4387	50.036194	8432.252	[]	2025-12-12 17:20:56.408933
66	3	2025-12-12 15:02:00	100	5000	0	99.272285	96.136	0.8384683	92.31918	0	19.309227	62	5280.8096	3	3828.5803	68.48409	8403.49	[]	2025-12-12 17:21:56.408933
67	3	2025-12-12 15:03:00	100	5000	10.350222	91.59636	99.77297	0.8507868	99.15309	0	23.425486	63	5363.412	3	3881.4358	69.51317	8426.691	[]	2025-12-12 17:22:56.408933
68	3	2025-12-12 15:04:00	100	5000	0	98.24607	97.11152	0.8547609	91.47901	0	19.060282	64	5457.235	3	3820.1094	62.274406	8394.499	[]	2025-12-12 17:23:56.408933
69	3	2025-12-12 15:05:00	100	5000	0	95.07333	96.30135	0.8002459	91.01077	0	21.71053	65	5527.054	3	3842.0066	65.84223	8437.493	[]	2025-12-12 17:24:56.408933
70	3	2025-12-12 15:06:00	100	5000	0	97.85982	99.46329	0.8856338	90.514435	0	18.121578	66	5632.626	3	3834.8564	64.80347	8426.8	[]	2025-12-12 17:25:56.408933
71	3	2025-12-12 15:07:00	100	5000	0	99.60992	95.121124	0.9370293	92.16857	0	21.002596	67	5705.647	3	3893.6116	62.348835	8415.335	[]	2025-12-12 17:26:56.408933
72	3	2025-12-12 15:08:00	100	5000	0	94.97391	94.18662	0.91696584	93.37083	0	23.364521	68	5805.5684	3	3908.8203	64.666695	8443.143	[]	2025-12-12 17:27:56.408933
73	3	2025-12-12 15:09:00	100	5000	0	92.2772	96.147316	0.8482395	96.7208	0	19.08443	69	5889.235	3	3939.5642	62.44722	8455.582	[]	2025-12-12 17:28:56.408933
74	3	2025-12-12 15:10:00	100	5000	0	91.776306	96.14321	0.88103473	90.19075	0	21.543705	70	5962.097	3	3900.1355	65.39159	8412.684	[]	2025-12-12 17:29:56.408933
75	3	2025-12-12 15:11:00	100	5000	0	96.647705	94.86743	0.92513	90.68953	0	19.417568	71	6045.2026	3	3869.52	68.37851	8462.5	[]	2025-12-12 17:30:56.408933
76	3	2025-12-12 15:12:00	100	5000	0	93.64142	98.3086	0.8900449	97.00777	0	19.59444	72	6148.167	3	3937.696	57.450413	8438.298	[]	2025-12-12 17:31:56.408933
77	3	2025-12-12 15:13:00	100	5000	0	95.49066	96.69301	0.8104051	92.96367	0	22.743032	73	6205.319	3	3892.0654	66.33	8445.863	[]	2025-12-12 17:32:56.408933
78	3	2025-12-12 15:14:00	100	5000	0	98.603485	95.40043	0.91431636	91.503204	0	21.339558	74	6299.6753	3	3922.8013	51.113735	8426.961	[]	2025-12-12 17:33:56.408933
79	3	2025-12-12 15:15:00	100	5000	0	95.601875	92.27326	0.8625126	76.947365	0	21.908321	75	6378.611	3	3962.3704	67.30048	8458.496	[]	2025-12-12 17:34:56.408933
80	3	2025-12-12 15:16:00	100	5000	0	95.395584	93.74525	0.9002256	91.39718	0	18.595741	76	6461.2134	3	3881.992	62.505074	8457.443	[]	2025-12-12 17:35:56.408933
81	3	2025-12-12 15:17:00	100	5000	0	95.737015	92.00999	0.85171604	99.024666	0	21.773142	77	6566.048	3	3913.0225	62.53426	8473.397	[]	2025-12-12 17:36:56.408933
82	3	2025-12-12 15:18:00	100	5000	0	88.52055	94.027374	0.8930428	95.15958	0	19.289598	78	6648.648	3	3929.5122	68.85973	8474.924	[]	2025-12-12 17:37:56.408933
83	3	2025-12-12 15:19:00	100	5000	0	93.751686	95.871895	0.91572225	92.07057	0	21.471632	79	6727.7437	3	3984.8767	62.15516	8452.9795	[]	2025-12-12 17:38:56.408933
84	3	2025-12-12 15:20:00	100	5000	0	96.823906	97.78901	0.936798	91.955444	0.0061731515	23.64383	80	6805.294	4	3995.7659	54.20927	8459.908	[]	2025-12-12 17:39:56.408933
85	3	2025-12-12 15:21:00	100	5000	0	95.25604	97.41743	0.85162354	93.2167	0.035234176	21.28456	81	6904.142	4	3958.1318	62.788307	8492.128	[]	2025-12-12 17:40:56.408933
86	3	2025-12-12 15:22:00	100	5000	19.131346	90.7457	95.84586	0.91810554	98.61431	0.057741724	22.276957	82	6986.9214	4	3944.0305	59.343063	8449.083	[]	2025-12-12 17:41:56.408933
87	3	2025-12-12 15:23:00	100	5000	0	92.276024	96.192505	0.8449293	91.71014	0.22432658	23.832312	83	7062.0977	4	3985.6282	61.568573	8485.128	[]	2025-12-12 17:42:56.408933
88	3	2025-12-12 15:24:00	100	5000	0	89.4765	94.036	0.8410008	98.37372	0.18789995	19.557417	84	7141.6245	4	3954.4539	66.18435	8498.915	[]	2025-12-12 17:43:56.408933
89	3	2025-12-12 15:25:00	100	5000	0	87.31039	92.41969	0.913756	92.510735	0.15989387	20.815989	85	7254.9077	4	3984.9253	57.561375	8460.197	[]	2025-12-12 17:44:56.408933
90	3	2025-12-12 15:26:00	100	5000	0	91.1848	91.81626	0.925136	98.25211	0.15661344	22.731915	86	7317.0903	4	3938.6475	54.10647	8476.025	[]	2025-12-12 17:45:56.408933
91	3	2025-12-12 15:27:00	100	5000	0	87.89799	96.86903	0.8451996	99.79439	0.05741805	22.454788	87	7420.1475	4	3999.6914	65.701836	8486.453	[]	2025-12-12 17:46:56.408933
92	3	2025-12-12 15:28:00	100	5000	12.670223	94.51807	96.67795	0.8098406	93.298294	0.08720441	22.113026	88	7484.793	4	3957.622	68.31702	8484.286	[]	2025-12-12 17:47:56.408933
93	3	2025-12-12 15:29:00	100	5000	0	88.01075	96.38881	0.9371075	95.136986	0.2965346	20.837536	89	7592.3774	4	4002.1455	50.23113	8499.786	[]	2025-12-12 17:48:56.408933
94	3	2025-12-12 15:30:00	100	5000	0	95.92846	92.51534	0.93232244	73.72495	0.13413554	22.5104	90	7665.675	4	4023.5508	51.95082	8478.704	[]	2025-12-12 17:49:56.408933
95	3	2025-12-12 15:31:00	100	5000	0	86.49361	94.34591	0.92060244	99.337135	0	19.775312	91	7750.7573	4	3994.9075	60.854412	8508.012	[]	2025-12-12 17:50:56.408933
96	3	2025-12-12 15:32:00	100	5000	0.21154028	95.63213	89.09805	0.82481086	99.41998	0	18.210197	92	7828.0425	4	4011.4617	53.037243	8512.279	[]	2025-12-12 17:51:56.408933
97	3	2025-12-12 15:33:00	100	5000	0	92.69209	95.509346	0.82834166	95.724884	0	20.275496	93	7906.887	4	3991.647	55.32435	8480.27	[]	2025-12-12 17:52:56.408933
98	3	2025-12-12 15:34:00	100	5000	0	89.98827	96.038246	0.9206244	98.81315	0	19.936281	94	7999.6533	4	3989.1035	69.38153	8492.458	[]	2025-12-12 17:53:56.408933
99	3	2025-12-12 15:35:00	100	5000	0	89.31874	92.92889	0.87809	94.00605	0	19.561338	95	8087.7495	4	3980.8784	54.77901	8500.051	[]	2025-12-12 17:54:56.408933
100	3	2025-12-12 15:36:00	100	5000	0	94.252655	93.321045	0.8683017	94.99736	0	20.995398	96	8187.124	4	4018.155	55.456253	8506.642	[]	2025-12-12 17:55:56.408933
101	3	2025-12-12 15:37:00	100	5000	0	86.77692	90.13822	0.93094856	95.40263	0	19.439745	97	8261.774	4	3996.5974	52.66237	8523.566	[]	2025-12-12 17:56:56.408933
102	3	2025-12-12 15:38:00	100	5000	0	92.73461	92.472374	0.921945	94.956795	0	20.348475	98	8349.031	4	4043.0044	65.95984	8499.267	[]	2025-12-12 17:57:56.408933
103	3	2025-12-12 15:39:00	100	5000	0	88.59116	90.36987	0.85730547	99.29811	0	22.669235	99	8425.973	4	4066.6682	66.44375	8532.489	[]	2025-12-12 17:58:56.408933
104	3	2025-12-12 15:40:00	100	5000	0	94.25836	89.88457	0.86734784	96.14637	0	21.173304	100	8503.192	5	4018.2651	59.70373	8500.663	[]	2025-12-12 17:59:56.408933
105	3	2025-12-12 15:41:00	100	5000	0	90.44402	94.098564	0.8506939	98.05217	0	20.64476	101	8608.841	5	4078.222	57.708855	8552.738	[]	2025-12-12 18:00:56.408933
106	3	2025-12-12 15:42:00	100	5000	0	94.22667	93.05596	0.8975715	97.74013	0	21.824854	102	8691.701	5	4064.5027	68.84071	8514.886	[]	2025-12-12 18:01:56.408933
107	3	2025-12-12 15:43:00	100	5000	17.784271	85.11339	94.21553	0.83956033	98.13144	0	23.46847	103	8769.142	5	4046.2708	57.450634	8558.226	[]	2025-12-12 18:02:56.408933
108	3	2025-12-12 15:44:00	100	5000	8.7716465	93.71092	93.684814	0.82893324	98.66372	0	23.649645	104	8842.948	5	4104.605	69.83131	8540.658	[]	2025-12-12 18:03:56.408933
109	3	2025-12-12 15:45:00	100	5000	0	90.061005	93.87009	0.87409776	75.15421	0	22.202953	105	8930.72	5	4072.6975	59.83809	8526.783	[]	2025-12-12 18:04:56.408933
110	3	2025-12-12 15:46:00	100	5000	0	89.60345	87.48811	0.8215094	91.06829	0	23.122166	106	9010.553	5	4074.2534	62.839237	8540.29	[]	2025-12-12 18:05:56.408933
111	3	2025-12-12 15:47:00	100	5000	0	90.121925	92.21712	0.93365085	98.55816	0	20.44335	107	9097.312	5	4044.5813	51.65767	8554.907	[]	2025-12-12 18:06:56.408933
112	3	2025-12-12 15:48:00	100	5000	0	89.75012	88.11216	0.803686	97.57421	0	23.964926	108	9195.682	5	4089.9077	60.90927	8569.788	[]	2025-12-12 18:07:56.408933
113	3	2025-12-12 15:49:00	100	5000	0	93.354774	90.4903	0.81841475	99.008575	0	22.461939	109	9276.843	5	4124.13	52.471523	8575.106	[]	2025-12-12 18:08:56.408933
114	3	2025-12-12 15:50:00	100	5000	14.495403	92.28287	91.23305	0.89416105	96.37925	0	18.895744	110	9359.52	5	4058.9014	54.755703	8554.654	[]	2025-12-12 18:09:56.408933
115	3	2025-12-12 15:51:00	100	5000	0	88.648544	87.768814	0.8173858	92.38495	0	19.28087	111	9456.526	5	4109.2305	53.75217	8548.943	[]	2025-12-12 18:10:56.408933
116	3	2025-12-12 15:52:00	100	5000	0	86.205925	91.77457	0.92313784	90.51209	0	22.922411	112	9536.614	5	4093.2205	62.06629	8542.438	[]	2025-12-12 18:11:56.408933
117	3	2025-12-12 15:53:00	100	5000	0	85.08348	88.04095	0.82161397	90.11535	0	20.60185	113	9632.331	5	4109.3564	55.12241	8572.313	[]	2025-12-12 18:12:56.408933
118	3	2025-12-12 15:54:00	100	5000	0	83.09941	88.09841	0.88626057	94.35307	0	20.388367	114	9694.435	5	4149.6997	51.001045	8560.828	[]	2025-12-12 18:13:56.408933
119	3	2025-12-12 15:55:00	100	5000	0	83.02579	92.71975	0.8974777	90.83426	0	22.040968	115	9779.299	5	4122.5312	57.125866	8562.252	[]	2025-12-12 18:14:56.408933
120	3	2025-12-12 15:56:00	100	5000	0	89.29032	90.53614	0.904618	96.366745	0	19.43955	116	9884.405	5	4159.7036	68.727844	8564.979	[]	2025-12-12 18:15:56.408933
121	3	2025-12-12 15:57:00	100	5000	16.829536	89.541985	91.85269	0.91285545	97.25058	0	20.560892	117	9974.009	5	4177.7847	54.08608	8595.917	[]	2025-12-12 18:16:56.408933
122	3	2025-12-12 15:58:00	100	5000	0	88.55956	92.64805	0.89162505	96.88399	0	23.49788	118	10040.115	5	4170.028	62.791546	8574.675	[]	2025-12-12 18:17:56.408933
123	3	2025-12-12 15:59:00	100	5000	0	91.52764	90.55494	0.92724884	94.739204	0	23.097502	119	10123.838	5	4123.938	56.50055	8566.866	[]	2025-12-12 18:18:56.408933
124	4	2025-12-12 14:00:00	100	5000	0	106.13442	103.612206	0.89545465	79.42802	0	20.78589	0	1.0699422	0	3634.6714	50.090015	8132.277	[]	2025-12-12 16:20:16.826717
125	4	2025-12-12 14:01:00	100	5000	10.562651	107.47567	100.41139	0.91123515	99.86639	0	21.089624	1	86.61085	0	3669.3083	58.61972	8135.7173	[]	2025-12-12 16:21:16.826717
126	4	2025-12-12 14:02:00	100	5000	0	105.66384	108.40216	0.8532164	96.46079	0	20.64974	2	187.44774	0	3652.1292	51.062775	8115.986	[]	2025-12-12 16:22:16.826717
127	4	2025-12-12 14:03:00	100	5000	14.607838	103.45729	104.95168	0.88578403	92.08483	0	19.352709	3	269.17303	0	3681.5063	57.956577	8128.6807	[]	2025-12-12 16:23:16.826717
128	4	2025-12-12 14:04:00	100	5000	0	100.88359	102.90448	0.929171	96.184525	0	23.917782	4	314.55182	0	3662.1372	56.57126	8163.269	[]	2025-12-12 16:24:16.826717
129	4	2025-12-12 14:05:00	100	5000	0	109.41353	99.94329	0.8204132	93.11274	0	21.674793	5	421.7457	0	3639.8313	53.606144	8137.8403	[]	2025-12-12 16:25:16.826717
130	4	2025-12-12 14:06:00	100	5000	0	110.58908	105.61732	0.93946046	96.54771	0	19.295095	6	499.00287	0	3699.5308	50.77233	8130.912	[]	2025-12-12 16:26:16.826717
131	4	2025-12-12 14:07:00	100	5000	0	108.76922	100.937675	0.88282555	98.9986	0	22.125063	7	563.47754	0	3648.5273	52.296917	8162.2163	[]	2025-12-12 16:27:16.826717
132	4	2025-12-12 14:08:00	100	5000	0	100.59406	108.04638	0.88463503	99.10726	0	23.402157	8	662.8746	0	3690.1375	58.53233	8188.405	[]	2025-12-12 16:28:16.826717
133	4	2025-12-12 14:09:00	100	5000	0	110.40446	105.80991	0.8645663	99.08662	0	20.039158	9	741.4555	0	3646.121	55.81178	8173.831	[]	2025-12-12 16:29:16.826717
134	4	2025-12-12 14:10:00	100	5000	0	99.32732	105.47352	0.86284727	97.408424	0	19.99303	10	807.48096	0	3698.6653	48.08965	8154.068	[]	2025-12-12 16:30:16.826717
135	4	2025-12-12 14:11:00	100	5000	0	102.94329	101.7739	0.836588	99.07884	0	22.60576	11	880.0413	0	3649.4343	62.566284	8162.4336	[]	2025-12-12 16:31:16.826717
136	4	2025-12-12 14:12:00	100	5000	0	110.23807	102.68206	0.8775416	77.20843	0	21.123991	12	967.1597	0	3680.109	48.68194	8192.213	[]	2025-12-12 16:32:16.826717
137	4	2025-12-12 14:13:00	100	5000	12.571315	109.73106	101.87024	0.855514	98.00168	0	19.3941	13	1026.7716	0	3708.43	58.242203	8203.375	[]	2025-12-12 16:33:16.826717
138	4	2025-12-12 14:14:00	100	5000	0	103.95501	104.97043	0.9284494	96.928696	0	20.401442	14	1093.6187	0	3661.3494	59.457386	8178.96	[]	2025-12-12 16:34:16.826717
139	4	2025-12-12 14:15:00	100	5000	0	102.41915	105.60764	0.911681	93.626236	0	23.100628	15	1197.7281	0	3685.6538	53.519207	8200.196	[]	2025-12-12 16:35:16.826717
140	4	2025-12-12 14:16:00	100	5000	0	100.7239	102.97678	0.9274929	94.90948	0	20.107435	16	1275.9772	0	3672.11	53.16335	8215.619	[]	2025-12-12 16:36:16.826717
141	4	2025-12-12 14:17:00	100	5000	0	106.959564	107.94649	0.8733897	92.63722	0	21.960434	17	1355.7311	0	3671.915	57.694336	8219.86	[]	2025-12-12 16:37:16.826717
142	4	2025-12-12 14:18:00	100	5000	0	106.115364	99.04152	0.8870206	98.45286	0	23.687042	18	1424.353	0	3737.2	49.084805	8198.479	[]	2025-12-12 16:38:16.826717
143	4	2025-12-12 14:19:00	100	5000	0	102.47783	98.70551	0.9141955	97.51471	0	23.82475	19	1492.0814	0	3725.122	54.618767	8195	[]	2025-12-12 16:39:16.826717
144	4	2025-12-12 14:20:00	100	5000	0	99.28017	99.4787	0.93666506	98.59839	0	22.012918	20	1590.5208	0	3746.3218	53.50291	8188.3154	[]	2025-12-12 16:40:16.826717
145	4	2025-12-12 14:21:00	100	5000	13.278195	102.00433	102.98065	0.8224972	96.575066	0	21.65419	21	1677.4287	0	3719.9016	58.483677	8240.416	[]	2025-12-12 16:41:16.826717
146	4	2025-12-12 14:22:00	100	5000	0	97.993454	100.63293	0.82689285	97.700195	0	23.523806	22	1716.0834	0	3713.4417	52.244884	8220.079	[]	2025-12-12 16:42:16.826717
147	4	2025-12-12 14:23:00	100	5000	0	103.91802	102.08318	0.921263	99.67994	0	21.378393	23	1795.8616	0	3707.0107	52.899914	8223.97	[]	2025-12-12 16:43:16.826717
148	4	2025-12-12 14:24:00	100	5000	0	102.007034	101.80895	0.85775965	82.44357	0	22.668537	24	1879.083	0	3771.3147	60.478153	8216.459	[]	2025-12-12 16:44:16.826717
149	4	2025-12-12 14:25:00	100	5000	0	107.15404	103.13878	0.8334245	92.96262	0	19.574104	25	1969.7107	1	3728.439	53.21271	8255.681	[]	2025-12-12 16:45:16.826717
150	4	2025-12-12 14:26:00	100	5000	0	105.6389	97.973785	0.9139985	96.85253	0	20.72775	26	2047.2247	1	3715.7585	55.44772	8253.637	[]	2025-12-12 16:46:16.826717
151	4	2025-12-12 14:27:00	100	5000	0	97.972374	97.93852	0.8526408	96.83265	0	20.247032	27	2117.4565	1	3748.0798	59.394844	8220.48	[]	2025-12-12 16:47:16.826717
152	4	2025-12-12 14:28:00	100	5000	0	98.79644	99.29766	0.82661664	99.021835	0	22.229424	28	2220.1948	1	3732.1501	62.368725	8266.624	[]	2025-12-12 16:48:16.826717
153	4	2025-12-12 14:29:00	100	5000	0	101.98216	103.51971	0.9369961	96.63705	0	20.72476	29	2271.5386	1	3725.783	50.971115	8221.847	[]	2025-12-12 16:49:16.826717
154	4	2025-12-12 14:30:00	100	5000	0	106.05756	100.66105	0.91118425	96.66154	0	21.552261	30	2342.9224	1	3779.1057	51.57228	8269.465	[]	2025-12-12 16:50:16.826717
155	4	2025-12-12 14:31:00	100	5000	0	107.91172	96.653564	0.93918717	93.87511	0	23.259102	31	2456.3953	1	3788.1318	50.35803	8247.773	[]	2025-12-12 16:51:16.826717
156	4	2025-12-12 14:32:00	100	5000	0	106.77876	98.42723	0.8494404	92.09608	0	23.33911	32	2504.6626	1	3740.8193	57.291462	8232.275	[]	2025-12-12 16:52:16.826717
157	4	2025-12-12 14:33:00	100	5000	0	98.07162	102.96947	0.8492604	93.94157	0	21.170448	33	2599.4246	1	3794.4304	49.009594	8235.164	[]	2025-12-12 16:53:16.826717
158	4	2025-12-12 14:34:00	100	5000	0	98.570244	105.789055	0.88525075	97.22069	0	22.059652	34	2691.1013	1	3759.9355	61.562126	8246.913	[]	2025-12-12 16:54:16.826717
159	4	2025-12-12 14:35:00	100	5000	0	97.87126	104.44533	0.8770647	99.961075	0	19.336372	35	2761.7512	1	3805.9495	56.65351	8287.962	[]	2025-12-12 16:55:16.826717
160	4	2025-12-12 14:36:00	100	5000	7.581151	106.89702	102.47626	0.83330053	75.6532	0	19.43243	36	2846.8735	1	3794.678	53.486664	8290.202	[]	2025-12-12 16:56:16.826717
161	4	2025-12-12 14:37:00	100	5000	0	95.58426	102.66649	0.92701423	99.91533	0	20.11766	37	2889.319	1	3796.2957	55.13486	8303.989	[]	2025-12-12 16:57:16.826717
162	4	2025-12-12 14:38:00	100	5000	0	96.616974	105.46939	0.93860567	96.31899	0	22.63636	38	2999.1833	1	3817.2686	55.242344	8272.291	[]	2025-12-12 16:58:16.826717
163	4	2025-12-12 14:39:00	100	5000	0	101.30713	105.20569	0.8633961	94.5144	0	19.117323	39	3076.0645	1	3778.3965	52.36824	8309.532	[]	2025-12-12 16:59:16.826717
164	4	2025-12-12 14:40:00	100	5000	3.7373948	105.62424	100.366	0.84670323	96.02463	0	21.121782	40	3147.16	1	3788.2737	58.409595	8311.003	[]	2025-12-12 17:00:16.826717
165	4	2025-12-12 14:41:00	100	5000	0	98.18608	96.75458	0.8737429	98.350815	0	19.932352	41	3219.7234	1	3788.1233	53.156937	8280.897	[]	2025-12-12 17:01:16.826717
166	4	2025-12-12 14:42:00	100	5000	0	94.99283	100.4692	0.93993694	92.24059	0	19.847734	42	3280.0913	1	3784.1318	54.526344	8298.094	[]	2025-12-12 17:02:16.826717
167	4	2025-12-12 14:43:00	100	5000	0	103.42898	95.360855	0.87749106	96.60778	0	23.528234	43	3386.2595	1	3820.858	55.241745	8303.507	[]	2025-12-12 17:03:16.826717
168	4	2025-12-12 14:44:00	100	5000	0	97.21383	102.562805	0.9164255	97.66429	0	20.144508	44	3446.355	1	3828.4048	55.69735	8331.966	[]	2025-12-12 17:04:16.826717
169	4	2025-12-12 14:45:00	100	5000	0	95.659004	100.687454	0.83881736	98.69216	0	21.456001	45	3528.12	1	3820.0103	58.7914	8288.092	[]	2025-12-12 17:05:16.826717
170	4	2025-12-12 14:46:00	100	5000	0	104.618645	104.71277	0.8621579	97.73803	0	21.024246	46	3618.9036	1	3800.5479	53.51763	8315.799	[]	2025-12-12 17:06:16.826717
171	4	2025-12-12 14:47:00	100	5000	0	98.76028	102.84513	0.86115587	94.7827	0	19.81202	47	3675.8345	1	3801.0957	52.67978	8305.35	[]	2025-12-12 17:07:16.826717
172	4	2025-12-12 14:48:00	100	5000	0	105.37139	101.47455	0.88865125	81.033485	0	20.173578	48	3767.9648	1	3839.2166	61.556526	8298.018	[]	2025-12-12 17:08:16.826717
173	4	2025-12-12 14:49:00	100	5000	0	104.34783	97.069565	0.9232633	94.00286	0	23.927694	49	3861.2605	1	3846.658	62.607903	8334.65	[]	2025-12-12 17:09:16.826717
174	4	2025-12-12 14:50:00	100	5000	0	95.06787	99.15452	0.8551919	93.08369	0	22.217283	50	3925.2947	2	3865.9875	49.405537	8351.196	[]	2025-12-12 17:10:16.826717
175	4	2025-12-12 14:51:00	100	5000	0	97.46099	99.30121	0.9341538	96.8823	0	19.95517	51	4007.8652	2	3852.4185	56.25254	8305.505	[]	2025-12-12 17:11:16.826717
176	4	2025-12-12 14:52:00	100	5000	0	102.29792	94.83915	0.8328089	93.28351	0	21.504726	52	4056.0684	2	3871.9526	56.927544	8309.458	[]	2025-12-12 17:12:16.826717
177	4	2025-12-12 14:53:00	100	5000	0	94.96671	96.937874	0.89268744	92.55953	0	19.929152	53	4136.9536	2	3859.4546	57.985092	8371.088	[]	2025-12-12 17:13:16.826717
178	4	2025-12-12 14:54:00	100	5000	0	103.43034	94.43283	0.8716379	99.52759	0	20.514141	54	4214.491	2	3890.835	58.39414	8318.2705	[]	2025-12-12 17:14:16.826717
179	4	2025-12-12 14:55:00	100	5000	0	94.53973	102.93534	0.85955524	92.9141	0	19.325504	55	4306.3794	2	3856.4165	56.043922	8347.153	[]	2025-12-12 17:15:16.826717
180	4	2025-12-12 14:56:00	100	5000	0	103.972664	102.857376	0.8875701	92.849976	0	22.166548	56	4405.1514	2	3870.6338	61.360703	8336.315	[]	2025-12-12 17:16:16.826717
181	4	2025-12-12 14:57:00	100	5000	0	102.41578	103.21456	0.9041883	92.9904	0	23.14742	57	4477.489	2	3872.8809	62.267742	8344.8	[]	2025-12-12 17:17:16.826717
182	4	2025-12-12 14:58:00	100	5000	6.0362844	100.72934	103.08101	0.890215	97.6737	0	20.853737	58	4528.261	2	3900.2617	52.79519	8387.165	[]	2025-12-12 17:18:16.826717
183	4	2025-12-12 14:59:00	100	5000	7.1934595	103.178406	96.24483	0.8613313	93.55133	0	21.834314	59	4624.011	2	3849.6306	53.037663	8374.971	[]	2025-12-12 17:19:16.826717
184	4	2025-12-12 15:00:00	74	5000	0	102.18056	97.43047	0.8744845	76.23087	0	22.339804	60	4706.5815	2	3855.3752	57.93748	8346.135	[]	2025-12-12 17:20:16.826717
185	4	2025-12-12 15:01:00	76.6	5000	0	101.29078	95.99282	0.88241225	94.00117	0	23.205881	61	4792.6226	2	3854.0435	56.95962	8397.248	[]	2025-12-12 17:21:16.826717
186	4	2025-12-12 15:02:00	79.2	5000	0	100.370476	94.554634	0.85458946	92.372246	0	23.351398	62	4863.944	2	3890.0828	51.251637	8386.906	[]	2025-12-12 17:22:16.826717
187	4	2025-12-12 15:03:00	81.8	5000	0	100.0514	99.26696	0.8981345	97.042244	0	21.528646	63	4953.1323	2	3886.4805	60.854866	8358.926	[]	2025-12-12 17:23:16.826717
188	4	2025-12-12 15:04:00	84.4	5000	0	103.02519	97.93253	0.86898714	93.78415	0	22.059122	64	4992.8237	2	3914.3623	60.84768	8366.256	[]	2025-12-12 17:24:16.826717
189	4	2025-12-12 15:05:00	87	4935.7085	0	100.78301	99.31335	0.8667548	92.89302	0	22.822447	65	5109.139	2	3916.9253	58.849052	8397.494	[]	2025-12-12 17:25:16.826717
190	4	2025-12-12 15:06:00	89.6	4857.9116	0	94.71865	93.19011	0.86432236	95.28	0	19.760025	66	5156.628	2	3885.873	56.814274	8374.418	[]	2025-12-12 17:26:16.826717
191	4	2025-12-12 15:07:00	92.2	4700.2603	0	94.986824	100.46105	0.9366696	96.69977	0	21.03379	67	5263.5674	2	3921.2	53.91943	8416.214	[]	2025-12-12 17:27:16.826717
192	4	2025-12-12 15:08:00	94.8	4806.427	0	100.019844	98.58927	0.83102804	97.03333	0	22.875631	68	5306.6543	2	3901.3044	61.68302	8405.765	[]	2025-12-12 17:28:16.826717
193	4	2025-12-12 15:09:00	97.4	4777.2886	0	91.93439	97.22775	0.90230477	95.39893	0	21.895294	69	5407.3657	2	3948.6292	53.36825	8387.542	[]	2025-12-12 17:29:16.826717
194	4	2025-12-12 15:10:00	74	4889.234	0	92.65012	93.363045	0.8621556	97.78447	0	23.469124	70	5492.295	2	3959.1165	52.284218	8422.548	[]	2025-12-12 17:30:16.826717
195	4	2025-12-12 15:11:00	76.6	4763.5415	0	102.37466	98.301056	0.8918304	93.221634	0	21.814821	71	5569.398	2	3889.322	53.21007	8396.3955	[]	2025-12-12 17:31:16.826717
196	4	2025-12-12 15:12:00	79.2	4913.3574	0	91.64469	93.94321	0.82838684	83.54682	0	22.008472	72	5640.45	2	3900.555	51.99434	8443.375	[]	2025-12-12 17:32:16.826717
197	4	2025-12-12 15:13:00	81.8	4775.7754	0	95.08966	93.43655	0.8704508	94.75585	0	20.828571	73	5732.02	2	3901.584	57.92668	8394.992	[]	2025-12-12 17:33:16.826717
198	4	2025-12-12 15:14:00	84.4	4707.907	0	100.30727	95.08384	0.85748523	92.67479	0	19.454863	74	5785.4336	2	3907.9028	50.998928	8417.193	[]	2025-12-12 17:34:16.826717
199	4	2025-12-12 15:15:00	87	4812.9634	0	91.27156	94.90018	0.9172321	93.58588	0	22.073694	75	5877.584	3	3971.0867	60.09234	8457.791	[]	2025-12-12 17:35:16.826717
200	4	2025-12-12 15:16:00	89.6	4871.5024	0	90.471596	101.546005	0.8481704	98.745895	0	20.6663	76	5950.0835	3	3909.0002	61.113026	8451.185	[]	2025-12-12 17:36:16.826717
201	4	2025-12-12 15:17:00	92.2	4904.8486	0	97.09699	94.08921	0.89728963	97.501884	0	22.355791	77	6043.1196	3	3915.5173	59.072838	8454.273	[]	2025-12-12 17:37:16.826717
202	4	2025-12-12 15:18:00	94.8	4827.048	13.900531	99.9274	98.09111	0.8594619	99.99408	0	21.11896	78	6122.331	3	3918.1958	56.4388	8449.564	[]	2025-12-12 17:38:16.826717
203	4	2025-12-12 15:19:00	97.4	4775.6953	0	97.716064	93.80168	0.8802782	97.01573	0	21.862207	79	6163.702	3	3926.8977	50.294933	8420.037	[]	2025-12-12 17:39:16.826717
204	4	2025-12-12 15:20:00	100	4983.194	0	98.49999	99.398735	0.8250767	92.21246	0	21.34684	80	6248.0293	3	3959.5256	59.887547	8434.334	[]	2025-12-12 17:40:16.826717
205	4	2025-12-12 15:21:00	100	4710.3843	0	97.62086	98.137955	0.86542875	93.346085	0	22.948591	81	6340.823	3	3978.7454	53.44461	8460.697	[]	2025-12-12 17:41:16.826717
206	4	2025-12-12 15:22:00	100	4715.576	0	94.93731	93.175606	0.92789763	95.760704	0	22.979393	82	6404.7754	3	3929.189	57.939495	8487.25	[]	2025-12-12 17:42:16.826717
207	4	2025-12-12 15:23:00	100	4929.616	0	98.68781	95.023766	0.8967019	92.22323	0	20.299221	83	6507.571	3	3974.4119	62.58214	8434.4375	[]	2025-12-12 17:43:16.826717
208	4	2025-12-12 15:24:00	100	4803.473	0	95.57387	96.917175	0.88366616	75.92207	0	19.919048	84	6570.9214	3	4005.304	57.343216	8470.398	[]	2025-12-12 17:44:16.826717
209	4	2025-12-12 15:25:00	100	4733.374	0	90.248795	99.02878	0.85722125	97.81056	0	23.10826	85	6666.0483	3	4009.2278	62.659973	8465.4795	[]	2025-12-12 17:45:16.826717
210	4	2025-12-12 15:26:00	100	5000	13.217516	98.508736	100.19664	0.82373136	93.89573	0	22.535067	86	6710.4834	3	3989.2441	60.735485	8469.624	[]	2025-12-12 17:46:16.826717
211	4	2025-12-12 15:27:00	100	5000	0	91.62144	95.01231	0.8667631	95.46825	0	21.682707	87	6806.823	3	4020.4421	50.358707	8449.726	[]	2025-12-12 17:47:16.826717
212	4	2025-12-12 15:28:00	100	5000	0	92.26633	92.62992	0.8413707	94.051544	0	19.989456	88	6879.8535	3	3987.8994	57.2863	8469.061	[]	2025-12-12 17:48:16.826717
213	4	2025-12-12 15:29:00	100	5000	0	94.10803	95.82545	0.9158168	92.874794	0	21.003841	89	6952.502	3	4004.4756	52.58502	8457.676	[]	2025-12-12 17:49:16.826717
214	4	2025-12-12 15:30:00	100	5000	0	90.131935	97.237625	0.90055597	96.00567	0	22.7171	90	7031.8994	3	3985.2217	49.067757	8472.315	[]	2025-12-12 17:50:16.826717
215	4	2025-12-12 15:31:00	100	5000	0	97.59466	94.63938	0.9193737	97.623726	0	22.867874	91	7132.3276	3	4039.4565	51.209335	8467.262	[]	2025-12-12 17:51:16.826717
216	4	2025-12-12 15:32:00	100	5000	0	90.1823	97.83996	0.82765734	93.67826	0	23.42136	92	7181.2993	3	4014.384	58.574085	8476.291	[]	2025-12-12 17:52:16.826717
217	4	2025-12-12 15:33:00	100	5000	0	95.07236	90.563286	0.86283374	93.97975	0	23.18241	93	7259.381	3	4027.306	52.638386	8523.737	[]	2025-12-12 17:53:16.826717
218	4	2025-12-12 15:34:00	100	5000	0	98.20403	95.2917	0.9180992	97.63464	0	21.198614	94	7369.8037	3	4017.166	54.73003	8494.937	[]	2025-12-12 17:54:16.826717
219	4	2025-12-12 15:35:00	100	5000	0	91.257515	90.89647	0.8758796	92.33599	0	23.991007	95	7439.7515	3	4032.8032	52.080063	8539.197	[]	2025-12-12 17:55:16.826717
220	4	2025-12-12 15:36:00	100	5000	0	98.54432	95.97038	0.8746077	75.042366	0	23.886106	96	7504.362	3	4011.1445	48.916176	8520.697	[]	2025-12-12 17:56:16.826717
221	4	2025-12-12 15:37:00	100	5000	0	94.40514	94.08469	0.87749344	94.001366	0	21.383514	97	7586.769	3	4037.163	62.656925	8489.232	[]	2025-12-12 17:57:16.826717
222	4	2025-12-12 15:38:00	100	5000	0	90.12276	94.25013	0.8857599	94.42198	0	19.6137	98	7670.564	3	4061.2012	52.794033	8512.022	[]	2025-12-12 17:58:16.826717
223	4	2025-12-12 15:39:00	100	5000	0	94.08301	98.228775	0.87484896	93.013565	0	23.587397	99	7760.4434	3	4071.8345	55.666374	8513.315	[]	2025-12-12 17:59:16.826717
224	4	2025-12-12 15:40:00	100	5000	0	93.70987	98.86094	0.8826916	95.07231	0.2307286	21.456867	100	7826.1006	4	4042.517	58.189095	8503.463	[]	2025-12-12 18:00:16.826717
225	4	2025-12-12 15:41:00	100	5000	0	94.28419	95.16872	0.8454445	98.22562	0.020007832	22.848785	101	7917.7744	4	4057.7678	60.102493	8517.967	[]	2025-12-12 18:01:16.826717
226	4	2025-12-12 15:42:00	100	5000	0	97.7766	93	0.87232614	92.43405	0.0142089445	21.133955	102	7960.9546	4	4065.9014	61.184864	8521.205	[]	2025-12-12 18:02:16.826717
227	4	2025-12-12 15:43:00	100	5000	0	93.56464	90.410706	0.8884708	95.423805	0.07184685	20.759172	103	8057.7744	4	4062.7725	55.070724	8565.851	[]	2025-12-12 18:03:16.826717
228	4	2025-12-12 15:44:00	100	5000	0	96.05046	95.66569	0.9155866	93.78923	0.16223003	23.008812	104	8147.156	4	4023.2856	61.215553	8551.393	[]	2025-12-12 18:04:16.826717
229	4	2025-12-12 15:45:00	100	5000	0	93.150475	89.7475	0.87495637	96.84573	0.020145703	20.003904	105	8207.02	4	4052.5916	58.191402	8576.63	[]	2025-12-12 18:05:16.826717
230	4	2025-12-12 15:46:00	100	5000	0	89.511	97.97429	0.82312924	97.985664	0.025245417	21.91548	106	8286.627	4	4091.3337	53.736286	8545.618	[]	2025-12-12 18:06:16.826717
231	4	2025-12-12 15:47:00	100	5000	0	94.62525	91.61499	0.9380504	98.66863	0.11349012	22.906548	107	8370.338	4	4078.3804	49.351406	8531.751	[]	2025-12-12 18:07:16.826717
232	4	2025-12-12 15:48:00	100	5000	0	93.031364	92.52642	0.86593676	78.30727	0.24126442	19.91893	108	8437.328	4	4037.1165	51.974583	8576.453	[]	2025-12-12 18:08:16.826717
233	4	2025-12-12 15:49:00	100	5000	0	89.08001	89.75186	0.8232118	96.550125	0.21439004	19.548433	109	8526.563	4	4074.756	55.27765	8569.618	[]	2025-12-12 18:09:16.826717
234	4	2025-12-12 15:50:00	100	5000	0	92.3711	96.05772	0.93898904	95.32509	0.0078602275	22.757992	110	8580.92	4	4052.118	55.082867	8544.28	[]	2025-12-12 18:10:16.826717
235	4	2025-12-12 15:51:00	100	5000	0	88.5689	93.60454	0.8707078	98.73894	0	20.308868	111	8679.157	4	4060.6975	62.669796	8552.296	[]	2025-12-12 18:11:16.826717
236	4	2025-12-12 15:52:00	100	5000	0	96.60687	90.76626	0.8360722	93.04853	0	21.066526	112	8759.92	4	4121.958	52.69849	8560.136	[]	2025-12-12 18:12:16.826717
237	4	2025-12-12 15:53:00	100	5000	0	91.97544	94.83432	0.90886354	99.95608	0	19.44322	113	8845.273	4	4065.6465	52.96464	8582.815	[]	2025-12-12 18:13:16.826717
238	4	2025-12-12 15:54:00	100	5000	0	90.50844	93.40528	0.8285973	92.22336	0	23.877836	114	8897.041	4	4109.6836	57.706886	8606.0625	[]	2025-12-12 18:14:16.826717
239	4	2025-12-12 15:55:00	100	5000	0	87.21822	90.200836	0.84472543	98.09407	0	20.959473	115	9008.371	4	4108.6626	48.003147	8606.817	[]	2025-12-12 18:15:16.826717
240	4	2025-12-12 15:56:00	100	5000	0	86.02135	90.741585	0.92307884	95.775085	0	19.338573	116	9051.22	4	4132.4893	54.144897	8591.852	[]	2025-12-12 18:16:16.826717
241	4	2025-12-12 15:57:00	100	5000	0	94.219734	96.88712	0.8345174	94.23955	0	19.546623	117	9143.952	4	4087.2224	59.59601	8599.792	[]	2025-12-12 18:17:16.826717
242	4	2025-12-12 15:58:00	100	5000	0	87.59125	88.32677	0.8630133	98.26249	0	23.849895	118	9215	4	4072.4922	53.5784	8572.584	[]	2025-12-12 18:18:16.826717
243	4	2025-12-12 15:59:00	100	5000	0	92.83512	92.76241	0.88761246	95.783554	0	19.42369	119	9292.187	4	4097.6177	60.52149	8635.836	[]	2025-12-12 18:19:16.826717
\.


--
-- Data for Name: players; Type: TABLE DATA; Schema: public; Owner: postgres
--

COPY public.players (id, steam_id, name, last_seen, server_id) FROM stdin;
3	76561198000000001	Ilya	2025-12-12 18:19:29.08211	1
4	76561198000000002	Irina	2025-12-12 18:19:29.08211	1
\.


--
-- Data for Name: server_admins; Type: TABLE DATA; Schema: public; Owner: postgres
--

COPY public.server_admins (id, server_id, admin_id, role, created_at) FROM stdin;
\.


--
-- Data for Name: servers; Type: TABLE DATA; Schema: public; Owner: postgres
--

COPY public.servers (id, admin_id, name, webhook_id, is_active, created_at) FROM stdin;
1	1	My Test DayZ Server	l0cRWd6KDLuoIS1wcJQlqnzoTp4QnIe_	t	2025-12-12 17:48:25.447373
2	2	Test	LajQ7uJO4_Gdkl6yj1FHbzcX8Xpf0csp	t	2025-12-12 18:42:46.327264
\.


--
-- Data for Name: verification_tokens; Type: TABLE DATA; Schema: public; Owner: postgres
--

COPY public.verification_tokens (id, admin_id, code, type, new_email, new_password_hash, expires_at, created_at) FROM stdin;
\.


--
-- Name: admins_id_seq; Type: SEQUENCE SET; Schema: public; Owner: postgres
--

SELECT pg_catalog.setval('public.admins_id_seq', 4, true);


--
-- Name: player_snapshots_id_seq; Type: SEQUENCE SET; Schema: public; Owner: postgres
--

SELECT pg_catalog.setval('public.player_snapshots_id_seq', 243, true);


--
-- Name: players_id_seq; Type: SEQUENCE SET; Schema: public; Owner: postgres
--

SELECT pg_catalog.setval('public.players_id_seq', 4, true);


--
-- Name: server_admins_id_seq; Type: SEQUENCE SET; Schema: public; Owner: postgres
--

SELECT pg_catalog.setval('public.server_admins_id_seq', 1, false);


--
-- Name: servers_id_seq; Type: SEQUENCE SET; Schema: public; Owner: postgres
--

SELECT pg_catalog.setval('public.servers_id_seq', 2, true);


--
-- Name: verification_tokens_id_seq; Type: SEQUENCE SET; Schema: public; Owner: postgres
--

SELECT pg_catalog.setval('public.verification_tokens_id_seq', 2, true);


--
-- Name: admins admins_email_unique; Type: CONSTRAINT; Schema: public; Owner: postgres
--

ALTER TABLE ONLY public.admins
    ADD CONSTRAINT admins_email_unique UNIQUE (email);


--
-- Name: admins admins_pkey; Type: CONSTRAINT; Schema: public; Owner: postgres
--

ALTER TABLE ONLY public.admins
    ADD CONSTRAINT admins_pkey PRIMARY KEY (id);


--
-- Name: player_snapshots player_snapshots_pkey; Type: CONSTRAINT; Schema: public; Owner: postgres
--

ALTER TABLE ONLY public.player_snapshots
    ADD CONSTRAINT player_snapshots_pkey PRIMARY KEY (id);


--
-- Name: players players_pkey; Type: CONSTRAINT; Schema: public; Owner: postgres
--

ALTER TABLE ONLY public.players
    ADD CONSTRAINT players_pkey PRIMARY KEY (id);


--
-- Name: server_admins server_admins_pkey; Type: CONSTRAINT; Schema: public; Owner: postgres
--

ALTER TABLE ONLY public.server_admins
    ADD CONSTRAINT server_admins_pkey PRIMARY KEY (id);


--
-- Name: servers servers_pkey; Type: CONSTRAINT; Schema: public; Owner: postgres
--

ALTER TABLE ONLY public.servers
    ADD CONSTRAINT servers_pkey PRIMARY KEY (id);


--
-- Name: servers servers_webhook_id_unique; Type: CONSTRAINT; Schema: public; Owner: postgres
--

ALTER TABLE ONLY public.servers
    ADD CONSTRAINT servers_webhook_id_unique UNIQUE (webhook_id);


--
-- Name: verification_tokens verification_tokens_pkey; Type: CONSTRAINT; Schema: public; Owner: postgres
--

ALTER TABLE ONLY public.verification_tokens
    ADD CONSTRAINT verification_tokens_pkey PRIMARY KEY (id);


--
-- Name: player_snapshots player_snapshots_player_id_players_id_fk; Type: FK CONSTRAINT; Schema: public; Owner: postgres
--

ALTER TABLE ONLY public.player_snapshots
    ADD CONSTRAINT player_snapshots_player_id_players_id_fk FOREIGN KEY (player_id) REFERENCES public.players(id);


--
-- Name: players players_server_id_servers_id_fk; Type: FK CONSTRAINT; Schema: public; Owner: postgres
--

ALTER TABLE ONLY public.players
    ADD CONSTRAINT players_server_id_servers_id_fk FOREIGN KEY (server_id) REFERENCES public.servers(id);


--
-- Name: server_admins server_admins_admin_id_admins_id_fk; Type: FK CONSTRAINT; Schema: public; Owner: postgres
--

ALTER TABLE ONLY public.server_admins
    ADD CONSTRAINT server_admins_admin_id_admins_id_fk FOREIGN KEY (admin_id) REFERENCES public.admins(id) ON DELETE CASCADE;


--
-- Name: server_admins server_admins_server_id_servers_id_fk; Type: FK CONSTRAINT; Schema: public; Owner: postgres
--

ALTER TABLE ONLY public.server_admins
    ADD CONSTRAINT server_admins_server_id_servers_id_fk FOREIGN KEY (server_id) REFERENCES public.servers(id) ON DELETE CASCADE;


--
-- Name: servers servers_admin_id_admins_id_fk; Type: FK CONSTRAINT; Schema: public; Owner: postgres
--

ALTER TABLE ONLY public.servers
    ADD CONSTRAINT servers_admin_id_admins_id_fk FOREIGN KEY (admin_id) REFERENCES public.admins(id);


--
-- Name: verification_tokens verification_tokens_admin_id_admins_id_fk; Type: FK CONSTRAINT; Schema: public; Owner: postgres
--

ALTER TABLE ONLY public.verification_tokens
    ADD CONSTRAINT verification_tokens_admin_id_admins_id_fk FOREIGN KEY (admin_id) REFERENCES public.admins(id) ON DELETE CASCADE;


--
-- PostgreSQL database dump complete
--

\unrestrict bXOEm8I7H5eY2VW9Ey12RG045dki99HtrSxO63ERcoSUY1128ZLv7BxT68uxxzB

